{"cameraMode":{"drawMode":0,"name":"Shaded","section":"Shading Mode"},"sceneLighting":false,"audioPlay":false,"sceneViewState":{"m_AlwaysRefresh":false,"showFog":true,"showSkybox":false,"showFlares":true,"showImageEffects":true,"showParticleSystems":true,"showVisualEffectGraphs":true,"m_FxEnabled":true},"in2DMode":false,"pivot":{"x":-0.6711481809616089,"y":0.19687068462371827,"z":0.960432767868042},"rotation":{"x":-0.07074060291051865,"y":0.017054080963134767,"z":-0.0012101447209715844,"w":-0.997352123260498},"size":2.36602520942688,"orthographic":false}