{"cameraMode":{"drawMode":0,"name":"Shaded","section":"Shading Mode"},"sceneLighting":false,"audioPlay":false,"sceneViewState":{"m_AlwaysRefresh":false,"showFog":true,"showSkybox":true,"showFlares":true,"showImageEffects":true,"showParticleSystems":true,"showVisualEffectGraphs":true,"m_FxEnabled":true},"in2DMode":false,"pivot":{"x":36.9671745300293,"y":28.049819946289064,"z":44.91888427734375},"rotation":{"x":0.024206729605793954,"y":-0.09085271507501602,"z":0.002208964666351676,"w":0.9955719709396362},"size":84.53971862792969,"orthographic":false}