{"cameraMode":{"drawMode":0,"name":"Shaded","section":"Shading Mode"},"sceneLighting":false,"audioPlay":false,"sceneViewState":{"m_AlwaysRefresh":false,"showFog":true,"showSkybox":true,"showFlares":true,"showImageEffects":true,"showParticleSystems":true,"showVisualEffectGraphs":true,"m_FxEnabled":true},"in2DMode":false,"pivot":{"x":-0.7574684023857117,"y":0.5669276714324951,"z":-4.408205986022949},"rotation":{"x":-0.004190429113805294,"y":-0.002504561794921756,"z":-0.000010445291081850883,"w":0.9999925494194031},"size":3.5816311836242677,"orthographic":false}