{"cameraMode":{"drawMode":0,"name":"Shaded","section":"Shading Mode"},"sceneLighting":false,"audioPlay":false,"sceneViewState":{"m_AlwaysRefresh":false,"showFog":true,"showSkybox":true,"showFlares":true,"showImageEffects":true,"showParticleSystems":true,"showVisualEffectGraphs":true,"m_FxEnabled":true},"in2DMode":false,"pivot":{"x":-6.132268905639648,"y":4.076582908630371,"z":35.799041748046878},"rotation":{"x":0.024206729605793954,"y":-0.09085271507501602,"z":0.002208964666351676,"w":0.9955719709396362},"size":116.7983169555664,"orthographic":false}