{"cameraMode":{"drawMode":0,"name":"Shaded","section":"Shading Mode"},"sceneLighting":false,"audioPlay":false,"sceneViewState":{"m_AlwaysRefresh":false,"showFog":true,"showSkybox":true,"showFlares":true,"showImageEffects":true,"showParticleSystems":true,"showVisualEffectGraphs":true,"m_FxEnabled":true},"in2DMode":false,"pivot":{"x":2.170339584350586,"y":5.652097225189209,"z":-11.88052749633789},"rotation":{"x":0.00008982969302451238,"y":0.9996247887611389,"z":-0.0033083632588386537,"w":0.027297522872686387},"size":12.376416206359864,"orthographic":false}