{"cameraMode":{"drawMode":0,"name":"Shaded","section":"Shading Mode"},"sceneLighting":false,"audioPlay":false,"sceneViewState":{"m_AlwaysRefresh":false,"showFog":true,"showSkybox":false,"showFlares":true,"showImageEffects":true,"showParticleSystems":true,"showVisualEffectGraphs":true,"m_FxEnabled":true},"in2DMode":false,"pivot":{"x":-0.8694958686828613,"y":-0.11161975562572479,"z":-0.06419658660888672},"rotation":{"x":-0.0011870074085891247,"y":-0.07593169808387757,"z":-0.00009034360846271738,"w":0.9971166849136353},"size":2.828613519668579,"orthographic":false}