{"cameraMode":{"drawMode":0,"name":"Shaded","section":"Shading Mode"},"sceneLighting":false,"audioPlay":false,"sceneViewState":{"m_AlwaysRefresh":false,"showFog":true,"showSkybox":false,"showFlares":true,"showImageEffects":true,"showParticleSystems":true,"showVisualEffectGraphs":true,"m_FxEnabled":true},"in2DMode":false,"pivot":{"x":-0.4702100157737732,"y":-0.14669375121593476,"z":0.020518898963928224},"rotation":{"x":-0.05125577747821808,"y":0.03504311665892601,"z":-0.0017991564236581326,"w":-0.9980732202529907},"size":1.6507573127746583,"orthographic":false}